{
  "model": "TF-IDF + Logistic Regression",
  "tfidf_config": {
    "max_features": 50000,
    "ngram_range": [
      1,
      2
    ],
    "sublinear_tf": true,
    "min_df": 2,
    "max_df": 0.95,
    "vocabulary_size": 14677
  },
  "lr_config": {
    "C": 1.0,
    "solver": "lbfgs",
    "max_iter": 1000,
    "class_weight": {
      "0": 3.289373088685015,
      "1": 1.7521889635512116,
      "2": 0.47052712160979876
    }
  },
  "train_size": 8605,
  "test_size": 2146,
  "accuracy": 0.804287045666356,
  "f1_macro": 0.7146300110509763,
  "f1_weighted": 0.8121158442684083,
  "precision_macro": 0.701712465933373,
  "recall_macro": 0.7329772508641755,
  "per_class": {
    "Negative": {
      "precision": 0.6422764227642277,
      "recall": 0.683982683982684,
      "f1-score": 0.6624737945492662,
      "support": 231.0
    },
    "Neutral": {
      "precision": 0.5283757338551859,
      "recall": 0.6490384615384616,
      "f1-score": 0.5825242718446602,
      "support": 416.0
    },
    "Positive": {
      "precision": 0.9344852411807055,
      "recall": 0.8659106070713809,
      "f1-score": 0.8988919667590027,
      "support": 1499.0
    }
  },
  "confusion_matrix": [
    [
      158,
      64,
      9
    ],
    [
      64,
      270,
      82
    ],
    [
      24,
      177,
      1298
    ]
  ]
}